DATE,MODEL,IDENT,RTE,DURATION,NIGHT,XTY,SIC,PIC,REMARKS
10/1/2016,A-320,N583,PHL-DFW,3.4,,3.4,3.4,,
10/2/2016,A-320,N823,DFW-YYZ-LAX,8.5,,8.5,8.5,,
10/3/2016,A-320,N163,LAX-CLT,4.5,,4.5,4.5,,
10/7/2016,A-320,N554,PHL-BOS,1.2,,1.2,1.2,,
10/8/2016,A-320,N916,BOS-CLT-PHL-MCO,6.2,,6.2,6.2,,
10/9/2016,A-320,N171,MCO-CLT,1.6,,1.6,1.6,,
10/24/2016,A-320,N560,PHL-SJU,4.1,,4.1,4.1,,
10/26/2016,A-320,N150,SJU-PHL,4.4,,4.4,4.4,,
10/31/2016,A-320,N568,PHL-LAX,5.6,,5.6,5.6,,
11/1/2016,A-320,N195,LAX-PHL,4.8,,4.8,4.8,,
11/8/2016,A-320,N165,PHL-MCO-PHL,4.6,,4.6,4.6,,
11/21/2016,A-320,N152,PHL-SFO,6.1,,6.1,6.1,,
11/22/2016,A-320,N184,SFO-PHL,5.1,,5.1,5.1,,
11/28/2016,A-320,N562,PHL-CLT,1.5,,1.5,1.5,,
12/6/2016,A-320,N536,PHL-LAX,6.1,,6.1,6.1,,
12/7/2016,A-320,N174,LAX-PHL,4.9,,4.9,4.9,,
12/19/2016,A-320,N918,PHL-LAS,5.4,,5.4,5.4,,
12/21/2016,A-320,N536,PHL-DFW,3.7,,3.7,3.7,,
12/24/2016,A-320,N162,PHL-PHX,5.5,,5.5,5.5,,
12/26/2016,A-320,N192,PHL-PHX,5.4,,5.4,5.4,,
1/1/2017,A-320,N122,CLT-NAS-CLT-BOS,6.4,,6.4,6.4,,
1/2/2017,A-320,N786,BOS-JFK-BOS,2.8,,2.8,2.8,,
1/3/2017,A-320,N712,BOS-CLT-PVD,4.3,,4.3,4.3,,
1/4/2017,A-320,N128,PVD-CLT,2.4,,2.4,2.4,,
1/4/2017,A-320,N128,CLT-GCM-CLT,5.5,,5.5,5.5,,
1/8/2017,A-320,N834,CLT-JAX,1.3,,1.3,1.3,,
1/14/2017,A-320,N151,CLT-PLS-CLT,5.9,,5.9,5.9,,
1/15/2017,DC10,N651,CLT-ATL-CLT,2.3,,2.3,2.3,,
1/15/2017,A-320,N712,CLT-MSY-CLT,4.0,,4.0,4.0,,
1/21/2017,A-320,N715,CLT-CUN-CLT-ATL,7.4,,7.4,7.4,,
1/22/2017,A-320,N703,ATL-CLT,1.8,,1.8,1.8,,
1/22/2017,A-320,N703,CLT-BNA-CLT,2.7,,2.7,2.7,,
1/27/2017,A-320,N521,CLT-DFW,3.1,,3.1,3.1,,
1/28/2017,A-320,N827,OMA-LAX-MSP,8.1,,8.1,8.1,,
1/29/2017,A-320,N123,MSP-CLT,2.3,,2.3,2.3,,
2/5/2017,A-320,N126,CLT-LGA-CLT-RDU,4.2,,4.2,4.2,,
2/6/2017,A-320,N190,RDU-CLT-ORF,1.9,,1.9,1.9,,
2/10/2017,A-320,N805,CLT-LGA-CLT-RDU,4.4,,4.4,4.4,,
2/11/2017,A-320,N827,RDU-CUN-RDU,6.5,,6.5,6.5,,
2/12/2017,A-320,N172,RDU-CLT,0.9,,0.9,0.9,,
2/12/2017,A-320,N733,CLT-BUF-CLT,3.5,,3.5,3.5,,
2/18/2017,A-320,N111,CLT-POP-CLT,6.5,,6.5,6.5,,
2/24/2017,A-320,N538,CLT-RSW-CLT-DEN,7.8,,7.8,7.8,,
2/26/2017,A-320,N539,DEN-CLT,2.6,,2.6,2.6,,
3/1/2017,A-320,N584,CLT-MCO-CLT,4.5,,4.5,4.5,,
3/2/2017,A-320,N584,CLT-BOS-PHL-SJU,8.4,,8.4,8.4,,
3/3/2017,A-320,N537,SJU-CLT,3.8,,3.8,3.8,,
3/5/2017,A-320,N576,CLT-STT-CLT,7.1,,7.1,7.1,,
3/10/2017,A-320,N818,CLT-IAH,2.9,,2.9,2.9,,
3/11/2017,A-320,N819,IAH-MIA-CMW-MIA,4.9,,4.9,4.9,,
3/12/2017,A-320,N814,MIA-MEX-MIA,7.2,,7.2,7.2,,
3/13/2017,A-320,N006,MIA-BZE,2.4,,2.4,2.4,,
3/13/2017,A-320,N006,BZE-MIA-CLT,3.7,,3.7,3.7,,
3/24/2017,A-320,N123,CLT-LGA-CLT-JAX,4.9,,4.9,4.9,,
3/25/2017,A-320,N747,JAX-CLT,1.3,,1.3,1.3,,
3/25/2017,A-320,N747,CLT-LGA-CLT,3.6,,3.6,3.6,,
3/31/2017,A-320,N114,CLT-RSW-CLT-SYR,5.3,,5.3,5.3,,
4/2/2017,A-320,N747,SYR-CLT,2.2,,2.2,2.2,,
4/2/2017,A-320,N747,CLT-ORD-CLT,3.9,,3.9,3.9,,
4/4/2017,A-320,N725,CLT-NAS-CLT,4.5,,4.5,4.5,,
4/14/2017,DC10,N667,CLT-JFK-CLT-TPA,5.3,,5.3,5.3,,
4/15/2017,A-320,N709,TPA-PHL-RSW,5.4,,5.4,5.4,,
4/16/2017,A-320,N105,RSW-CLT-PVD,3.8,,3.8,3.8,,
4/17/2017,A-320,N124,PVD-CLT,2.2,,2.2,2.2,,
4/17/2017,A-320,N124,CLT-TPA-CLT,3.1,,3.1,3.1,,
5/8/2017,A-320,N973,CLT-LAS,4.5,,4.5,4.5,,
5/9/2017,A-320,N933,DFW-CUN-DFW,5.3,,5.3,5.3,,
5/11/2017,A-320,N982,LAS-CLT,4.3,,4.3,4.3,,
5/16/2017,A-320,N978,CLT-DFW-DEN,5.5,,5.5,5.5,,
5/17/2017,A-320,N170,DEN-PHL-FLL,6.7,,6.7,6.7,,
5/18/2017,A-320,N150,FLL-CLT-PHL-BOS,6.5,,6.5,6.5,,
5/19/2017,A-320,N188,BOS-PHL-CLT,2.9,,2.9,2.9,,
5/24/2017,A-320,N795,JFK-SAL,6.3,,6.3,6.3,,
5/25/2017,A-320,N794,SAL-JFK,4.8,,4.8,4.8,,
5/27/2017,A-320,N108,CLT-BWI,1.5,,1.5,1.5,,
5/28/2017,DC10,N669,BWI-CLT,1.4,,1.4,1.4,,
5/28/2017,A-320,N918,CLT-LGA,1.7,,1.7,1.7,,
6/8/2017,A-320,N830,CLT-FLL,2.2,,2.2,2.2,,
6/8/2017,A-320,N830,FLL-CLT,2.0,,2.0,2.0,,
6/8/2017,A-320,N820,CLT-MSY,1.8,,1.8,1.8,,
6/9/2017,A-320,N741,MSY-DCA,2.3,,2.3,2.3,,
6/12/2017,A-320,N974,CLT-DFW,2.7,,2.7,2.7,,
6/12/2017,A-320,N974,DFW-SMF,3.6,,3.6,3.6,,
6/13/2017,A-320,N976,SMF-CLT,4.6,,4.6,4.6,,
6/20/2017,A-320,N153,CLT-LGA,1.8,,1.8,1.8,,
6/20/2017,A-320,N153,LGA-CLT,2.0,,2.0,2.0,,
6/20/2017,A-320,N701,CLT-SYR,1.6,,1.6,1.6,,
6/21/2017,A-320,N114,SYR-CLT,1.9,,1.9,1.9,,
6/21/2017,A-320,N809,CLT-MYR,0.8,,0.8,0.8,,
6/21/2017,A-320,N809,MYR-CLT,1.1,,1.1,1.1,,
6/21/2017,A-320,N122,CLT-RDU,0.8,,0.8,0.8,,
6/22/2017,A-320,N804,RDU-CLT,1.0,,1.0,1.0,,
6/22/2017,A-320,N804,CLT-TPA,1.6,,1.6,1.6,,
6/22/2017,A-320,N804,TPA-CLT,1.9,,1.9,1.9,,
6/26/2017,A-320,N820,CLT-DCA,1.2,,1.2,1.2,,
6/26/2017,A-320,N114,DCA-MCO,2.3,,2.3,2.3,,
6/27/2017,A-320,N585,MCO-CLT,1.5,,1.5,1.5,,
6/27/2017,A-320,N813,CLT-RSW,1.8,,1.8,1.8,,
6/28/2017,A-320,N163,RSW-RSW,0.3,,0.3,0.3,,
6/28/2017,A-320,N163,RSW-CLT,1.6,,1.6,1.6,,
6/28/2017,A-320,N700,CLT-BDL,2.1,,2.1,2.1,,
6/28/2017,A-320,N700,BDL-CLT,1.7,,1.7,1.7,,
7/2/2017,A-320,N923,CLT-PHL,1.6,,1.6,1.6,,
7/2/2017,A-320,N913,PHL-LAS,5.1,,5.1,5.1,,
7/3/2017,A-320,N545,LAS-DFW,2.7,,2.7,2.7,,
7/3/2017,A-320,N869,DFW-SFO,3.6,,3.6,3.6,,
7/5/2017,A-320,N507,SFO-CLT,4.9,,4.9,4.9,,
7/11/2017,A-320,N126,CLT-SJC,5.1,,5.1,5.1,,
7/12/2017,A-320,N118,SJC-CLT,5.0,,5.0,5.0,,
7/17/2017,A-320,N972,CLT-PHL,1.7,,1.7,1.7,,
7/17/2017,A-320,N197,PHL-SFO,6.3,,6.3,6.3,,
7/19/2017,A-320,N915,SFO-CLT,4.9,,4.9,4.9,,
7/25/2017,A-320,N998,MCO-DFW,2.8,,2.8,2.8,,
7/25/2017,A-320,N874,DFW-LGA,3.2,,3.2,3.2,,
7/26/2017,A-320,N552,LGA-CLT,2.0,,2.0,2.0,,
7/26/2017,A-320,N980,CLT-MCO,1.6,,1.6,1.6,,
7/26/2017,A-320,N980,MCO-CLT,1.6,,1.6,1.6,,
7/31/2017,A-320,N154,CLT-DFW,2.6,,2.6,2.6,,
7/31/2017,A-320,N556,DFW-SEA,4.2,,4.2,4.2,,
8/2/2017,A-320,N567,SEA-CLT,5.1,,5.1,5.1,,
8/7/2017,A-320,N979,CLT-PDX,5.5,,5.5,5.5,,
8/8/2017,A-320,N181,PDX-CLT,4.7,,4.7,4.7,,
8/14/2017,A-320,N975,CLT-DFW,2.6,,2.6,2.6,,
8/14/2017,A-320,N891,DFW-SAN,3.0,,3.0,3.0,,
8/15/2017,A-320,N556,SAN-CLT,4.2,,4.2,4.2,,
8/21/2017,A-320,N817,MSY-CLT,1.9,,1.9,1.9,,
8/23/2017,A-320,N172,CLT-DFW,3.0,,3.0,3.0,,
8/23/2017,A-320,N538,DFW-CLT,2.3,,2.3,2.3,,
8/28/2017,DC10,N650,CLT-BDL,1.9,,1.9,1.9,,
8/28/2017,DC10,N650,BDL-CLT,2.0,,2.0,2.0,,
8/28/2017,DC10,N650,CLT-ALB,1.7,,1.7,1.7,,
8/29/2017,A-320,N748,ALB-CLT,2.3,,2.3,2.3,,
8/29/2017,A-320,N587,CLT-MIA,2.0,,2.0,2.0,,
8/30/2017,A-320,N585,MIA-PHL,2.5,,2.5,2.5,,
8/30/2017,A-320,N722,PHL-STL,2.5,,2.5,2.5,,
8/31/2017,A-320,N805,STL-CLT,1.7,,1.7,1.7,,
8/31/2017,A-320,N167,CLT-PHL,1.5,,1.5,1.5,,
8/31/2017,A-320,N543,PHL-CLT,1.6,,1.6,1.6,,
9/4/2017,A-320,N737,CLT-ALB,1.7,,1.7,1.7,,
9/4/2017,A-320,N737,ALB-CLT,1.8,,1.8,1.8,,
9/4/2017,A-320,N177,CLT-DEN,3.3,,3.3,3.3,,
9/6/2017,A-320,N972,DEN-CLT,2.8,,2.8,2.8,,
9/10/2017,A-320,N913,CLT-DEN,3.4,,3.4,3.4,,
9/11/2017,A-320,N996,DEN-DFW,1.9,,1.9,1.9,,
9/11/2017,A-320,N558,DFW-PHL,3.2,,3.2,3.2,,
9/12/2017,A-320,N813,DCA-MSY,2.6,,2.6,2.6,,
9/18/2017,A-320,N553,CLT-MCO,1.7,,1.7,1.7,,
9/18/2017,A-320,N553,MCO-CLT,1.5,,1.5,1.5,,
9/18/2017,A-320,N580,CLT-BOS,2.2,,2.2,2.2,,
9/19/2017,A-320,N538,BOS-CLT,2.1,,2.1,2.1,,
9/19/2017,A-320,N538,CLT-BOS,2.4,,2.4,2.4,,
9/20/2017,A-320,N188,BOS-PHL,1.3,,1.3,1.3,,
9/20/2017,A-320,N188,PHL-BOS,2.0,,2.0,2.0,,
9/20/2017,A-320,N188,BOS-CLT,2.0,,2.0,2.0,,
10/15/2017,A-320,N187,CLT-MIA,1.9,,1.9,1.9,,
10/15/2017,A-320,N021,MIA-CUR,2.9,,2.9,2.9,,
10/16/2017,A-320,N021,CUR-MIA,3.2,,3.2,3.2,,
10/16/2017,A-320,N836,MIA-CLT,2.0,,2.0,2.0,,
10/24/2017,A-320,N185,CLT-SFO,5.4,,5.4,5.4,,
10/26/2017,A-320,N542,SFO-CLT,4.7,,4.7,4.7,,
12/11/2017,DC-9,N4YU,DFW-IAH,1.0,,1.0,1.0,,
12/11/2017,DC-9,N4YU,IAH-DFW,1.1,,1.1,1.1,,
12/11/2017,DC-9,N4YU,DFW-TUL,1.1,,1.1,1.1,,
12/12/2017,DC-9,N4YU,TUL-DFW,1.1,,1.1,1.1,,
12/12/2017,DC-9,N4WN,DFW-IAH,1.0,,1.0,1.0,,
12/12/2017,DC-9,N4WN,IAH-DFW,1.6,,1.6,1.6,,
12/12/2017,DC-9,N4XF,DFW-TUL,1.1,,1.1,1.1,,
12/13/2017,DC-9,N4XF,TUL-DFW,1.0,,1.0,1.0,,
12/13/2017,DC-9,N4YA,DFW-IAD,2.8,,2.8,2.8,,
12/13/2017,DC-9,N4YA,IAD-DFW,3.2,,3.2,3.2,,
1/1/2018,DC-9,N4YE,ORD-DFW,2.4,,2.4,2.4,,
1/2/2018,DC-9,N4XJ,ORD-SAT,3.1,,3.1,3.1,,
1/3/2018,DC-9,N4XV,DFW-BWI,2.9,,2.9,2.9,,
1/3/2018,DC-9,N4XV,BWI-DFW,3.3,,3.3,3.3,,
1/7/2018,DC-9,N4XG,DFW-BWI,2.8,,2.8,2.8,,
1/7/2018,DC-9,N4XG,BWI-DFW,3.7,,3.7,3.7,,
1/11/2018,DC-9,N4YA,DFW-SAT,1.1,,1.1,1.1,,
1/11/2018,DC-9,N4YA,SAT-DFW,1.2,,1.2,1.2,,
1/11/2018,DC-9,N4XE,DFW-CMH,2.1,,2.1,2.1,,
1/12/2018,DC-9,N4XB,CMH-DFW,2.9,,2.9,2.9,,
1/12/2018,DC-9,N4XB,DFW-OMA,1.8,,1.8,1.8,,
1/13/2018,DC-9,N4YT,OMA-DFW,1.9,,1.9,1.9,,
1/13/2018,DC-9,N4YT,DFW-BNA,1.8,,1.8,1.8,,
1/13/2018,DC-9,N4YT,BNA-DFW,2.0,,2.0,2.0,,
1/14/2018,DC-9,N4XE,DFW-BNA,1.6,,1.6,1.6,,
1/14/2018,DC-9,N4XE,BNA-DFW,2.0,,2.0,2.0,,
1/14/2018,DC-9,N4XD,DFW-MKE,2.3,,2.3,2.3,,
1/15/2018,DC-9,N541,MKE-DFW,3.1,,3.1,3.1,,
1/15/2018,DC-9,N4XE,DFW-TUL,1.0,,1.0,1.0,,
1/16/2018,DC-9,N4XE,TUL-DFW,1.1,,1.1,1.1,,
1/16/2018,DC-9,N4XE,DFW-OMA,1.7,,1.7,1.7,,
1/16/2018,DC-9,N4XE,OMA-DFW,1.9,,1.9,1.9,,
1/21/2018,DC-9,N4XD,DFW-PIT,2.4,,2.4,2.4,,
1/21/2018,DC-9,N4XD,PIT-DFW,3.6,,3.6,3.6,,
1/21/2018,DC-9,N4YN,DFW-OKC,0.8,,0.8,0.8,,
1/22/2018,DC-9,N4XL,OKC-DFW,1.2,,1.2,1.2,,
1/22/2018,DC-9,N4XL,DFW-TUL,1.1,,1.1,1.1,,
1/23/2018,DC-9,N4YB,DFW-CVG,1.9,,1.9,1.9,,
1/23/2018,DC-9,N4YB,CVG-DFW,2.5,,2.5,2.5,,
1/26/2018,DC-9,N424,DFW-IAH,0.9,,0.9,0.9,,
1/26/2018,DC-9,N424,IAH-DFW,1.1,,1.1,1.1,,
1/26/2018,DC-9,N4YE,DFW-PIT,2.5,,2.5,2.5,,
1/27/2018,DC-9,N541,PIT-DFW,3.3,,3.3,3.3,,
1/27/2018,DC-9,N424,DFW-GSP,2.1,,2.1,2.1,,
1/28/2018,DC-9,N4XT,GSP-DFW,2.7,,2.7,2.7,,
1/28/2018,DC-9,N4XT,DFW-DAY,2.1,,2.1,2.1,,
1/29/2018,DC-9,N4YC,DAY-DFW,2.7,,2.7,2.7,,
1/29/2018,DC-9,N4YC,DFW-IAH,1.0,,1.0,1.0,,
1/29/2018,DC-9,N4YC,IAH-DFW,1.3,,1.3,1.3,,
2/1/2018,DC-9,N4WN,DFW-CLE,2.3,,2.3,2.3,,
2/1/2018,DC-9,N4WN,CLE-DFW,3.3,,3.3,3.3,,
2/1/2018,DC-9,N4WN,DFW-PNS,1.6,,1.6,1.6,,
2/2/2018,DC-9,N4XH,PNS-DFW,2.3,,2.3,2.3,,
2/2/2018,DC-9,N4YR,DFW-VPS,1.7,,1.7,1.7,,
2/3/2018,DC-9,N528,VPS-DFW,2.2,,2.2,2.2,,
2/3/2018,DC-9,N528,DFW-MCI,1.6,,1.6,1.6,,
2/4/2018,DC-9,N528,MCI-DFW,1.7,,1.7,1.7,,
2/4/2018,DC-9,N4YE,DFW-MKE,2.1,,2.1,2.1,,
2/4/2018,DC-9,N4YE,MKE-DFW,2.7,,2.7,2.7,,
2/7/2018,DC-9,N590,DFW-OMA,1.8,,1.8,1.8,,
2/7/2018,DC-9,N590,OMA-DFW,2.0,,2.0,2.0,,
2/7/2018,DC-9,N555,DFW-YYZ,2.9,,2.9,2.9,,
2/8/2018,DC-9,N4YL,YYZ-DFW,3.6,,3.6,3.6,,
2/8/2018,DC-9,N4XU,DFW-DAY,2.0,,2.0,2.0,,
2/9/2018,DC-9,N4XH,DAY-DFW,2.7,,2.7,2.7,,
2/9/2018,DC-9,N4XH,DFW-OKC,0.9,,0.9,0.9,,
2/10/2018,DC-9,N4XS,OKC-DFW,1.0,,1.0,1.0,,
2/16/2018,DC-9,N4YF,DFW-STL,1.4,,1.4,1.4,,
2/16/2018,DC-9,N4YF,STL-DFW,1.9,,1.9,1.9,,
2/17/2018,DC-9,N555,OKC-DFW,1.5,,1.5,1.5,,
2/17/2018,DC-9,N425,DFW-MSY,1.2,,1.2,1.2,,
2/17/2018,DC-9,N425,MSY-DFW,1.5,,1.5,1.5,,
2/18/2018,DC-9,N4XU,DFW-AUS,1.0,,1.0,1.0,,
2/18/2018,DC-9,N4XU,AUS-DFW,1.1,,1.1,1.1,,
2/18/2018,DC-9,N425,DFW-IND,2.0,,2.0,2.0,,
2/19/2018,DC-9,N4YL,IND-DFW,2.4,,2.4,2.4,,
2/24/2018,DC-9,N541,DFW-IAH,1.1,,1.1,1.1,,
2/24/2018,DC-9,N541,IAH-DFW,2.0,,2.0,2.0,,
2/24/2018,DC-9,N541,DFW-YYZ,2.6,,2.6,2.6,,
2/25/2018,DC-9,N4XY,YYZ-DFW,4.6,,4.6,4.6,,
2/25/2018,DC-9,N4XY,DFW-GSP,2.1,,2.1,2.1,,
2/26/2018,DC-9,N547,GSP-DFW,2.9,,2.9,2.9,,
2/26/2018,DC-9,N4YP,DFW-DAY,2.0,,2.0,2.0,,
2/27/2018,DC-9,N4XU,DAY-DFW,2.6,,2.6,2.6,,
2/27/2018,DC-9,N4XU,DFW-IAH,1.1,,1.1,1.1,,
2/27/2018,DC-9,N4XU,IAH-DFW,1.4,,1.4,1.4,,
3/2/2018,DC-9,N4WN,DFW-SDF,1.9,,1.9,1.9,,
3/2/2018,DC-9,N4WN,SDF-DFW,2.3,,2.3,2.3,,
3/3/2018,DC-9,N555,DFW-PIT,2.4,,2.4,2.4,,
3/4/2018,DC-9,N4XJ,PIT-DFW,3.2,,3.2,3.2,,
3/4/2018,DC-9,N4YD,DFW-RIC,2.9,,2.9,2.9,,
3/5/2018,DC-9,N425,RIC-DFW,3.5,,3.5,3.5,,
3/5/2018,DC-9,N4XD,DFW-ORF,2.5,,2.5,2.5,,
3/6/2018,DC-9,N4XT,ORF-DFW,3.8,,3.8,3.8,,
3/6/2018,DC-9,N4XT,DFW-AUS,1.1,,1.1,1.1,,
3/6/2018,DC-9,N4XT,AUS-DFW,0.9,,0.9,0.9,,
3/10/2018,DC-9,N4XR,DFW-PIT,2.4,,2.4,2.4,,
3/11/2018,DC-9,N4XY,PIT-DFW,3.3,,3.3,3.3,,
3/11/2018,DC-9,N4YF,DFW-RIC,2.5,,2.5,2.5,,
3/12/2018,DC-9,N4YU,RIC-DFW,3.8,,3.8,3.8,,
3/12/2018,DC-9,N4YL,DFW-ORF,2.8,,2.8,2.8,,
3/13/2018,DC-9,N4XK,ORF-DFW,3.4,,3.4,3.4,,
3/13/2018,DC-9,N4XG,DFW-AUS,0.9,,0.9,0.9,,
3/13/2018,DC-9,N4XG,AUS-DFW,1.0,,1.0,1.0,,
3/16/2018,DC-9,N4YF,DFW-CMH,2.4,,2.4,2.4,,
3/16/2018,DC-9,N4YF,CMH-DFW,2.8,,2.8,2.8,,
3/16/2018,DC-9,N4XP,DFW-JAX,2.1,,2.1,2.1,,
3/17/2018,DC-9,N4YE,JAX-DFW,2.8,,2.8,2.8,,
3/17/2018,DC-9,N4XY,DFW-DAY,2.3,,2.3,2.3,,
3/18/2018,DC-9,N4XK,DAY-DFW,2.6,,2.6,2.6,,
3/18/2018,DC-9,N547,DFW-VPS,1.7,,1.7,1.7,,
3/19/2018,DC-9,N4XS,VPS-DFW,2.3,,2.3,2.3,,
3/29/2018,DC-9,N550,DFW-IND,1.9,,1.9,1.9,,
3/29/2018,DC-9,N550,IND-DFW,2.7,,2.7,2.7,,
3/29/2018,DC-9,N547,DFW-PNS,1.5,,1.5,1.5,,
3/30/2018,DC-9,N4XY,PNS-DFW,2.0,,2.0,2.0,,
3/30/2018,DC-9,N4XL,DFW-OMA,1.8,,1.8,1.8,,
3/31/2018,DC-9,N4XT,OMA-DFW,1.9,,1.9,1.9,,
3/31/2018,DC-9,N4XT,DFW-BNA,1.7,,1.7,1.7,,
3/31/2018,DC-9,N4XT,BNA-DFW,2.0,,2.0,2.0,,
3/31/2018,DC-9,N4XT,DFW-OKC,0.9,,0.9,0.9,,
4/1/2018,DC-9,N4YD,OKC-DFW,0.9,,0.9,0.9,,
4/5/2018,DC-9,N4XC,DFW-MSY,1.3,,1.3,1.3,,
4/5/2018,DC-9,N4XC,MSY-DFW,1.6,,1.6,1.6,,
4/5/2018,DC-9,N4XC,DFW-IND,1.9,,1.9,1.9,,
4/6/2018,DC-9,N4YC,IND-DFW,3.2,,3.2,3.2,,
4/6/2018,DC-9,N4XH,DFW-DSM,2.1,,2.1,2.1,,
4/7/2018,DC-9,N501,DSM-DFW,1.6,,1.6,1.6,,
4/7/2018,DC-9,N4XR,DFW-DTW,2.5,,2.5,2.5,,
4/8/2018,DC-9,N4XL,DFW-DTW,2.3,,2.3,2.3,,
4/8/2018,DC-9,N4XL,DTW-DFW,2.8,,2.8,2.8,,
4/20/2018,DC-9,N4XJ,DFW-BNA,1.8,,1.8,1.8,,
4/20/2018,DC-9,N4XJ,BNA-DFW,1.8,,1.8,1.8,,
4/20/2018,DC-9,N4XJ,DFW-TPA,2.2,,2.2,2.2,,
4/21/2018,DC-9,N4XS,TPA-DFW,2.7,,2.7,2.7,,
4/21/2018,DC-9,N590,DFW-RDU,2.7,,2.7,2.7,,
4/22/2018,DC-9,N4XB,RDU-DFW,2.9,,2.9,2.9,,
4/22/2018,DC-9,N4XT,DFW-DFW,0.4,,0.4,0.4,,
4/22/2018,DC-9,N4XT,DFW-RDU,2.6,,2.6,2.6,,
4/23/2018,DC-9,N4XD,RDU-DFW,3.1,,3.1,3.1,,
4/29/2018,DC-9,N4XY,DFW-MCI,1.5,,1.5,1.5,,
4/29/2018,DC-9,N4XY,MCI-DFW,1.6,,1.6,1.6,,
4/29/2018,DC-9,N425,DFW-IND,2.2,,2.2,2.2,,
4/30/2018,DC-9,N4XJ,IND-DFW,2.5,,2.5,2.5,,
4/30/2018,DC-9,N4YT,DFW-MKE,2.4,,2.4,2.4,,
5/1/2018,DC-9,N501,DFW-CLE,2.9,,2.9,2.9,,
5/2/2018,DC-9,N426,CLE-DFW,2.9,,2.9,2.9,,
5/2/2018,DC-9,N4YC,DFW-OMA,1.7,,1.7,1.7,,
5/2/2018,DC-9,N4YC,OMA-DFW,2.0,,2.0,2.0,,
5/13/2018,DC-9,N4XV,DFW-BNA,1.9,,1.9,1.9,,
5/13/2018,DC-9,N4XV,BNA-DFW,1.8,,1.8,1.8,,
5/13/2018,DC-9,N4XH,DFW-PNS,1.6,,1.6,1.6,,
5/14/2018,DC-9,N4XK,PNS-DFW,2.0,,2.0,2.0,,
5/14/2018,DC-9,N4YU,DFW-ORF,2.7,,2.7,2.7,,
5/15/2018,DC-9,N4YU,ORF-DFW,3.1,,3.1,3.1,,
5/15/2018,DC-9,N4YD,DFW-RDU,3.1,,3.1,3.1,,
5/16/2018,DC-9,N4XW,RDU-DFW,2.7,,2.7,2.7,,
5/19/2018,DC-9,N4YR,DFW-TUL,0.9,,0.9,0.9,,
5/19/2018,DC-9,N4YR,TUL-DFW,1.0,,1.0,1.0,,
5/19/2018,DC-9,N4XG,DFW-ORF,2.9,,2.9,2.9,,
5/20/2018,DC-9,N547,ORF-DFW,3.4,,3.4,3.4,,
5/20/2018,DC-9,N541,DFW-MKE,2.1,,2.1,2.1,,
5/22/2018,DC-9,N424,DFW-OKC,1.0,,1.0,1.0,,
5/22/2018,DC-9,N424,OKC-DFW,1.0,,1.0,1.0,,
5/28/2018,DC-9,N4YE,DFW-SAT,0.9,,0.9,0.9,,
5/28/2018,DC-9,N4YE,SAT-DFW,1.2,,1.2,1.2,,
5/28/2018,DC-9,N4XU,DFW-YYZ,2.9,,2.9,2.9,,
5/29/2018,DC-9,N4XR,YYZ-DFW,3.2,,3.2,3.2,,
5/29/2018,DC-9,N4XR,DFW-CVG,2.1,,2.1,2.1,,
5/30/2018,DC-9,N4YE,CVG-DFW,2.4,,2.4,2.4,,
5/30/2018,DC-9,N4XB,DFW-TUL,1.0,,1.0,1.0,,
5/30/2018,DC-9,N4XB,TUL-DFW,1.1,,1.1,1.1,,
6/2/2018,DC-9,N4XP,DFW-ELP,1.5,,1.5,1.5,,
6/2/2018,DC-9,N4XP,ELP-DFW,1.6,,1.6,1.6,,
6/2/2018,DC-9,N4YN,DFW-DSM,1.7,,1.7,1.7,,
6/3/2018,DC-9,N4XK,DSM-DFW,1.8,,1.8,1.8,,
6/3/2018,DC-9,N4YA,DFW-CVG,2.0,,2.0,2.0,,
6/4/2018,DC-9,N4XF,CVG-DFW,2.2,,2.2,2.2,,
6/5/2018,DC-9,N4XJ,OKC-DFW,1.4,,1.4,1.4,,
6/8/2018,DC-9,N4XM,DFW-MCI,1.5,,1.5,1.5,,
6/8/2018,DC-9,N4XM,MCI-DFW,1.6,,1.6,1.6,,
6/8/2018,DC-9,N4YD,DFW-MKE,2.1,,2.1,2.1,,
6/9/2018,DC-9,N4YR,MKE-DFW,2.4,,2.4,2.4,,
6/9/2018,DC-9,N555,DFW-ICT,1.4,,1.4,1.4,,
6/9/2018,DC-9,N555,ICT-DFW,1.3,,1.3,1.3,,
6/9/2018,DC-9,N4YT,DFW-IND,2.3,,2.3,2.3,,
6/10/2018,DC-9,N4XM,IND-DFW,2.2,,2.2,2.2,,
6/10/2018,DC-9,N4XP,DFW-CLE,2.7,,2.7,2.7,,
6/26/2018,DC-9,N4YD,DFW-IAH,0.9,,0.9,0.9,,
6/26/2018,DC-9,N4YD,IAH-DFW,1.1,,1.1,1.1,,
6/26/2018,DC-9,N4XB,DFW-DSM,1.8,,1.8,1.8,,
6/26/2018,DC-9,N4XB,DSM-DFW,1.8,,1.8,1.8,,
6/28/2018,DC-9,N4YL,DFW-YYZ,3.3,,3.3,3.3,,
6/29/2018,DC-9,N4YB,YYZ-DFW,3.3,,3.3,3.3,,
6/29/2018,DC-9,N4YS,DFW-IND,2.3,,2.3,2.3,,
6/30/2018,DC-9,N548,DFW-IND,2.8,,2.8,2.8,,
7/1/2018,DC-9,N4XU,IND-DFW,2.3,,2.3,2.3,,
7/1/2018,DC-9,N4YB,DFW-BWI,3.3,,3.3,3.3,,
7/1/2018,DC-9,N4YB,BWI-DFW,3.4,,3.4,3.4,,
7/4/2018,DC-9,N4YS,DFW-DFW,0.3,,0.3,0.3,,
7/4/2018,DC-9,N4YS,DFW-BWI,3.1,,3.1,3.1,,
7/4/2018,DC-9,N4YS,BWI-DFW,3.1,,3.1,3.1,,
7/4/2018,DC-9,N4YS,DFW-ICT,1.4,,1.4,1.4,,
7/5/2018,DC-9,N4YS,ICT-DFW,1.2,,1.2,1.2,,
7/5/2018,DC-9,N4YF,DFW-ELP,1.6,,1.6,1.6,,
7/5/2018,DC-9,N4YF,ELP-DFW,1.7,,1.7,1.7,,
7/6/2018,DC-9,N4XB,OMA-DFW,1.9,,1.9,1.9,,
7/6/2018,DC-9,N4XS,DFW-OKC,1.0,,1.0,1.0,,
7/6/2018,DC-9,N4XS,OKC-DFW,1.0,,1.0,1.0,,
7/6/2018,DC-9,N4YP,DFW-PNS,2.1,,2.1,2.1,,
7/7/2018,DC-9,N4YN,PNS-DFW,1.8,,1.8,1.8,,
7/15/2018,DC-9,N424,DFW-MSY,1.5,,1.5,1.5,,
7/15/2018,DC-9,N424,MSY-DFW,1.4,,1.4,1.4,,
7/15/2018,DC-9,N4XT,DFW-CLE,2.7,,2.7,2.7,,
7/16/2018,DC-9,N4XM,CLE-DFW,2.6,,2.6,2.6,,
7/16/2018,DC-9,N4XR,DFW-GRR,2.3,,2.3,2.3,,
7/17/2018,DC-9,N4YA,GRR-DFW,2.5,,2.5,2.5,,
7/17/2018,DC-9,N548,DFW-DSM,1.7,,1.7,1.7,,
7/18/2018,DC-9,N4XR,DSM-DFW,1.7,,1.7,1.7,,
7/18/2018,DC-9,N4YP,DFW-IAH,0.9,,0.9,0.9,,
7/18/2018,DC-9,N4YP,IAH-DFW,1.0,,1.0,1.0,,
7/21/2018,DC-9,N425,DFW-ORF,2.9,,2.9,2.9,,
7/22/2018,DC-9,N4XJ,ORF-DFW,3.1,,3.1,3.1,,
7/22/2018,DC-9,N4YC,DFW-IND,2.1,,2.1,2.1,,
7/23/2018,DC-9,N4XB,IND-DFW,2.2,,2.2,2.2,,
7/23/2018,DC-9,N555,DFW-MSY,1.4,,1.4,1.4,,
7/23/2018,DC-9,N555,MSY-DFW,1.6,,1.6,1.6,,
7/23/2018,DC-9,N555,DFW-CMH,2.5,,2.5,2.5,,
7/24/2018,DC-9,N548,CMH-DFW,2.5,,2.5,2.5,,
7/24/2018,DC-9,N548,DFW-MSY,1.5,,1.5,1.5,,
7/24/2018,DC-9,N548,MSY-DFW,1.4,,1.4,1.4,,
7/28/2018,DC-9,N548,DFW-ELP,2.0,,2.0,2.0,,
7/28/2018,DC-9,N548,ELP-DFW,1.7,,1.7,1.7,,
7/29/2018,DC-9,N425,SAT-DFW,1.3,,1.3,1.3,,
7/30/2018,DC-9,N4XY,CLE-DFW,3.3,,3.3,3.3,,
7/30/2018,DC-9,N4YF,DFW-GRR,2.7,,2.7,2.7,,
7/31/2018,DC-9,N4XD,GRR-DFW,3.1,,3.1,3.1,,
7/31/2018,DC-9,N547,DFW-DSM,2.0,,2.0,2.0,,
7/31/2018,DC-9,N547,DSM-DFW,1.9,,1.9,1.9,,
8/3/2018,DC-9,N4XF,DFW-ELP,1.5,,1.5,1.5,,
8/3/2018,DC-9,N4XF,ELP-DFW,1.7,,1.7,1.7,,
8/3/2018,DC-9,N4YF,DFW-RDU,2.8,,2.8,2.8,,
8/4/2018,DC-9,N4YF,RDU-DFW,2.8,,2.8,2.8,,
8/4/2018,DC-9,N4XR,DFW-IND,2.0,,2.0,2.0,,
8/5/2018,DC-9,N547,IND-IND,0.4,,0.4,0.4,,
8/5/2018,DC-9,N547,IND-DFW,2.1,,2.1,2.1,,
8/5/2018,DC-9,N4XY,DFW-GRR,2.4,,2.4,2.4,,
8/6/2018,DC-9,N4XH,GRR-DFW,2.7,,2.7,2.7,,
8/9/2018,DC-9,N4XL,DFW-SAT,1.7,,1.7,1.7,,
8/9/2018,DC-9,N4XL,SAT-DFW,1.1,,1.1,1.1,,
8/9/2018,DC-9,N4XG,DFW-LIT,1.0,,1.0,1.0,,
8/9/2018,DC-9,N4XG,LIT-DFW,1.4,,1.4,1.4,,
8/10/2018,DC-9,N4XC,DFW-CMH,2.4,,2.4,2.4,,
8/11/2018,DC-9,N4XM,CMH-DFW,2.8,,2.8,2.8,,
8/11/2018,DC-9,N4YS,DFW-VPS,2.0,,2.0,2.0,,
8/12/2018,DC-9,N4YS,VPS-DFW,2.5,,2.5,2.5,,
8/12/2018,DC-9,N426,DFW-DTW,2.7,,2.7,2.7,,
8/12/2018,DC-9,N426,DTW-DFW,3.2,,3.2,3.2,,
8/17/2018,DC-9,N4YD,DFW-BWI,3.2,,3.2,3.2,,
8/17/2018,DC-9,N4YD,BWI-DFW,3.5,,3.5,3.5,,
8/17/2018,DC-9,N4XG,DFW-ICT,1.5,,1.5,1.5,,
8/18/2018,DC-9,N541,ICT-DFW,3.6,,3.6,3.6,,
8/18/2018,DC-9,N541,DFW-IND,2.1,,2.1,2.1,,
8/20/2018,DC-9,N547,ORD-RDU,1.7,,1.7,1.7,,
8/20/2018,DC-9,N547,RDU-DFW,2.9,,2.9,2.9,,
8/25/2018,DC-9,N4YL,DFW-MSY,1.3,,1.3,1.3,,
8/25/2018,DC-9,N4YL,MSY-DFW,1.6,,1.6,1.6,,
8/25/2018,DC-9,N4XV,DFW-MKE,2.2,,2.2,2.2,,
8/26/2018,DC-9,N4YF,MKE-DFW,2.5,,2.5,2.5,,
8/26/2018,DC-9,N4XP,DFW-DSM,2.0,,2.0,2.0,,
8/27/2018,DC-9,N4YU,DSM-DFW,2.0,,2.0,2.0,,
8/27/2018,DC-9,N4YR,DFW-CVG,2.2,,2.2,2.2,,
8/28/2018,DC-9,N4YD,CVG-DFW,2.3,,2.3,2.3,,
9/3/2018,DC-9,N4XW,DFW-MKE,2.1,,2.1,2.1,,
9/4/2018,DC-9,N4YD,MKE-DFW,2.3,,2.3,2.3,,
9/4/2018,DC-9,N4YD,DFW-OKC,0.9,,0.9,0.9,,
9/4/2018,DC-9,N4YD,OKC-DFW,1.0,,1.0,1.0,,
9/4/2018,DC-9,N4YD,DFW-MKE,2.2,,2.2,2.2,,
9/5/2018,DC-9,N4YT,MKE-DFW,2.2,,2.2,2.2,,
9/5/2018,DC-9,N4YT,DFW-DSM,1.8,,1.8,1.8,,
9/6/2018,DC-9,N541,DSM-DFW,2.1,,2.1,2.1,,
9/22/2018,DC-9,N4XY,DFW-RDU,2.5,,2.5,2.5,,
9/23/2018,DC-9,N4YP,RDU-ORD,2.3,,2.3,2.3,,
9/23/2018,DC-9,N4YP,ORD-MSP,1.3,,1.3,1.3,,
9/23/2018,DC-9,N4YP,MSP-ORD,1.4,,1.4,1.4,,
9/23/2018,DC-9,N4YP,ORD-STL,1.0,,1.0,1.0,,
9/24/2018,DC-9,N4XY,STL-DFW,1.7,,1.7,1.7,,
9/24/2018,DC-9,N4XP,DFW-MKE,2.0,,2.0,2.0,,
9/25/2018,DC-9,N541,MKE-DFW,2.7,,2.7,2.7,,
9/25/2018,DC-9,N4YL,DFW-DSM,1.7,,1.7,1.7,,
9/25/2018,DC-9,N4YL,DSM-DFW,2.0,,2.0,2.0,,
9/28/2018,DC-9,N4YT,DFW-CMH,2.3,,2.3,2.3,,
9/28/2018,DC-9,N4YT,CMH-DFW,2.5,,2.5,2.5,,
9/28/2018,DC-9,N4YP,DFW-CMH,2.3,,2.3,2.3,,
9/29/2018,DC-9,N4XP,DFW-STL,1.5,,1.5,1.5,,
9/30/2018,DC-9,N4XR,STL-DFW,1.9,,1.9,1.9,,
9/30/2018,DC-9,N4XR,DFW-MEM,1.4,,1.4,1.4,,
10/1/2018,DC-9,N4YN,MEM-DFW,1.8,,1.8,1.8,,
10/2/2018,DC-9,N4XX,DFW-YYZ,2.7,,2.7,2.7,,
10/3/2018,DC-9,N4YU,YYZ-DFW,3.1,,3.1,3.1,,
10/3/2018,DC-9,N501,DFW-OMA,1.9,,1.9,1.9,,
10/4/2018,DC-9,N4XG,OMA-DFW,1.9,,1.9,1.9,,
10/4/2018,DC-9,N4XR,DFW-LBB,1.2,,1.2,1.2,,
10/5/2018,DC-9,N4XR,LBB-DFW,1.3,,1.3,1.3,,
10/5/2018,DC-9,N4XT,DFW-BWI,2.8,,2.8,2.8,,
10/5/2018,DC-9,N4XT,BWI-DFW,3.0,,3.0,3.0,,
10/11/2018,DC-9,N4XB,DFW-RDU,2.4,,2.4,2.4,,
10/12/2018,DC-9,N4XH,RDU-ORD,2.1,,2.1,2.1,,
10/12/2018,DC-9,N4XH,ORD-MSP,1.4,,1.4,1.4,,
10/12/2018,DC-9,N4XH,MSP-ORD,1.5,,1.5,1.5,,
10/12/2018,DC-9,N4XH,ORD-STL,1.0,,1.0,1.0,,
10/20/2018,DC-9,N4XH,DFW-CMH,2.2,,2.2,2.2,,
10/20/2018,DC-9,N4XH,CMH-DFW,2.6,,2.6,2.6,,
10/20/2018,DC-9,N4XD,DFW-CAE,2.0,,2.0,2.0,,
10/21/2018,DC-9,N4YC,CAE-DFW,2.7,,2.7,2.7,,
10/21/2018,DC-9,N4YR,DFW-STL,1.5,,1.5,1.5,,
10/22/2018,DC-9,N4YR,STL-DFW,1.8,,1.8,1.8,,
10/22/2018,DC-9,N4YR,DFW-MEM,1.2,,1.2,1.2,,
10/23/2018,DC-9,N4XP,MEM-DFW,1.5,,1.5,1.5,,
10/23/2018,DC-9,N4YN,DFW-CMH,2.2,,2.2,2.2,,
10/23/2018,DC-9,N4YN,CMH-DFW,2.4,,2.4,2.4,,
10/28/2018,DC-9,N4XV,DFW-CMH,2.2,,2.2,2.2,,
10/28/2018,DC-9,N4XV,CMH-DFW,3.0,,3.0,3.0,,
10/28/2018,DC-9,N4XR,DFW-RDU,2.6,,2.6,2.6,,
10/29/2018,DC-9,N4XK,RDU-ORD,2.2,,2.2,2.2,,
10/29/2018,DC-9,N4XK,ORD-MSP,1.8,,1.8,1.8,,
10/29/2018,DC-9,N4XK,MSP-ORD,1.4,,1.4,1.4,,
10/29/2018,DC-9,N4XK,ORD-STL,0.9,,0.9,0.9,,
10/30/2018,DC-9,N4XW,STL-DFW,1.8,,1.8,1.8,,
10/30/2018,DC-9,N4YN,DFW-TUL,1.1,,1.1,1.1,,
10/31/2018,DC-9,N4YP,TUL-DFW,1.4,,1.4,1.4,,
12/3/2018,DC-9,N4XP,DFW-RDU,2.3,,2.3,2.3,,
12/3/2018,DC-9,N4XP,RDU-ORD,2.4,,2.4,2.4,,
12/4/2018,DC-9,N541,ORD-MSP,1.2,,1.2,1.2,,
12/4/2018,DC-9,N541,MSP-ORD,2.0,,2.0,2.0,,
12/4/2018,DC-9,N541,ORD-STL,0.9,,0.9,0.9,,
12/5/2018,DC-9,N4YT,STL-DFW,1.8,,1.8,1.8,,
12/5/2018,DC-9,N4XM,DFW-STL,1.5,,1.5,1.5,,
12/5/2018,DC-9,N4XM,STL-DFW,1.8,,1.8,1.8,,
12/5/2018,DC-9,N4XM,DFW-TUL,0.9,,0.9,0.9,,
12/6/2018,DC-9,N4YP,DFW-IAD,2.6,,2.6,2.6,,
12/6/2018,DC-9,N4YP,IAD-DFW,3.7,,3.7,3.7,,
12/8/2018,DC-9,N4XC,DFW-OKC,0.8,,0.8,0.8,,
12/8/2018,DC-9,N4XC,OKC-DFW,1.5,,1.5,1.5,,
12/9/2018,DC-9,N4XK,DSM-DFW,2.3,,2.3,2.3,,
12/9/2018,DC-9,N4XY,DFW-TUL,0.8,,0.8,0.8,,
12/9/2018,DC-9,N4XY,TUL-DFW,1.1,,1.1,1.1,,
12/9/2018,DC-9,N4XY,DFW-MKE,2.2,,2.2,2.2,,
12/10/2018,DC-9,N4XG,MKE-DFW,2.9,,2.9,2.9,,
12/10/2018,DC-9,N4YL,DFW-DSM,2.0,,2.0,2.0,,
12/11/2018,DC-9,N4XW,DSM-DFW,2.2,,2.2,2.2,,
12/11/2018,DC-9,N4XC,DFW-XNA,1.2,,1.2,1.2,,
12/11/2018,DC-9,N4XC,XNA-DFW,1.3,,1.3,1.3,,
12/16/2018,DC-9,N4XX,DFW-XNA,1.0,,1.0,1.0,,
12/16/2018,DC-9,N4XX,XNA-DFW,1.4,,1.4,1.4,,
12/16/2018,DC-9,N4YU,DFW-MSY,1.3,,1.3,1.3,,
12/16/2018,DC-9,N4YU,MSY-DFW,1.6,,1.6,1.6,,
12/16/2018,DC-9,N4YT,DFW-SAT,1.0,,1.0,1.0,,
12/17/2018,DC-9,N4YE,SAT-DFW,1.3,,1.3,1.3,,
12/17/2018,DC-9,N541,DFW-GRR,2.6,,2.6,2.6,,
12/18/2018,DC-9,N501,GRR-DFW,2.5,,2.5,2.5,,
12/18/2018,DC-9,N501,DFW-MFE,1.6,,1.6,1.6,,
12/19/2018,DC-9,N501,DFW-RDU,2.5,,2.5,2.5,,
12/19/2018,DC-9,N501,RDU-DFW,2.9,,2.9,2.9,,
12/28/2018,DC-9,N4XC,DFW-ELP,1.8,,1.8,1.8,,
12/28/2018,DC-9,N4XC,ELP-DFW,1.5,,1.5,1.5,,
12/28/2018,DC-9,N4XK,DFW-CLE,2.5,,2.5,2.5,,
12/29/2018,DC-9,N4YN,CLE-DFW,3.6,,3.6,3.6,,
12/29/2018,DC-9,N4YN,DFW-CLE,2.4,,2.4,2.4,,
12/30/2018,DC-9,N4XR,CLE-DFW,3.2,,3.2,3.2,,
12/30/2018,DC-9,N4YL,DFW-TUL,0.9,,0.9,0.9,,
12/30/2018,DC-9,N4YL,TUL-DFW,1.1,,1.1,1.1,,
1/1/2019,DC-9,N4YL,DFW-JAX,2.2,,2.2,2.2,,
1/1/2019,DC-9,N4YL,JAX-DFW,2.8,,2.8,2.8,,
1/1/2019,DC-9,N4XW,DFW-STL,1.6,,1.6,1.6,,
1/2/2019,DC-9,N4XW,STL-DFW,2.9,,2.9,2.9,,
1/2/2019,DC-9,N4YE,DFW-CMH,2.2,,2.2,2.2,,
1/2/2019,DC-9,N4YE,CMH-DFW,3.0,,3.0,3.0,,
1/4/2019,DC-9,N4XG,DFW-CLE,2.6,,2.6,2.6,,
1/4/2019,DC-9,N4XG,CLE-DFW,2.6,,2.6,2.6,,
1/4/2019,DC-9,N4YP,DFW-RDU,3.1,,3.1,3.1,,
1/5/2019,DC-9,N4YD,DFW-STL,1.5,,1.5,1.5,,
1/6/2019,DC-9,N4XY,DFW-CVG,2.0,,2.0,2.0,,
1/7/2019,DC-9,N4YS,CVG-DFW,2.5,,2.5,2.5,,
1/11/2019,DC-9,N4XD,DFW-CMH,2.4,,2.4,2.4,,
1/11/2019,DC-9,N4XD,CMH-DFW,3.1,,3.1,3.1,,
1/11/2019,DC-9,N4YP,DFW-VPS,1.6,,1.6,1.6,,
1/12/2019,DC-9,N4XS,VPS-DFW,2.1,,2.1,2.1,,
1/12/2019,DC-9,N4XS,DFW-PNS,1.5,,1.5,1.5,,
1/13/2019,DC-9,N4XS,PNS-DFW,2.1,,2.1,2.1,,
1/13/2019,DC-9,N4XM,DFW-RDU,2.6,,2.6,2.6,,
1/14/2019,DC-9,N4XF,RDU-DFW,3.4,,3.4,3.4,,
2/9/2019,DC-9,N4YP,DFW-SDF,1.7,,1.7,1.7,,
2/9/2019,DC-9,N4YP,SDF-DFW,2.4,,2.4,2.4,,
2/9/2019,DC-9,N4XD,DFW-SAT,1.1,,1.1,1.1,,
2/10/2019,DC-9,N4XF,SAT-DFW,1.3,,1.3,1.3,,
2/10/2019,DC-9,N4YL,DFW-PNS,1.7,,1.7,1.7,,
2/11/2019,DC-9,N4XC,PNS-DFW,2.6,,2.6,2.6,,
2/15/2019,DC-9,N4YC,DFW-CMH,2.0,,2.0,2.0,,
2/15/2019,DC-9,N4YC,CMH-DFW,2.7,,2.7,2.7,,
2/15/2019,DC-9,N4YR,DFW-CVG,2.0,,2.0,2.0,,
2/16/2019,DC-9,N4YS,CVG-DFW,2.6,,2.6,2.6,,
2/16/2019,DC-9,N4YR,DFW-RDU,2.2,,2.2,2.2,,
2/17/2019,DC-9,N4XP,RDU-DFW,3.3,,3.3,3.3,,
2/22/2019,DC-9,N4XR,DFW-CMH,2.1,,2.1,2.1,,
2/22/2019,DC-9,N4XR,CMH-DFW,2.9,,2.9,2.9,,
2/22/2019,DC-9,N4XK,DFW-PNS,2.2,,2.2,2.2,,
2/23/2019,DC-9,N4YB,PNS-DFW,2.5,,2.5,2.5,,
2/25/2019,DC-9,N4YD,MKE-DFW,2.4,,2.4,2.4,,
3/15/2019,DC-9,N4YS,DFW-CLE,2.2,,2.2,2.2,,
3/15/2019,DC-9,N4YS,CLE-DFW,3.0,,3.0,3.0,,
3/15/2019,DC-9,N4YE,DFW-CLE,2.4,,2.4,2.4,,
3/16/2019,DC-9,N4YB,CLE-DFW,2.8,,2.8,2.8,,
3/16/2019,DC-9,N4XV,DFW-JAX,2.0,,2.0,2.0,,
3/17/2019,DC-9,N4XH,JAX-DFW,2.6,,2.6,2.6,,
3/17/2019,DC-9,N4YP,DFW-ICT,1.2,,1.2,1.2,,
3/18/2019,DC-9,N4YE,ICT-DFW,1.1,,1.1,1.1,,
3/18/2019,DC-9,N4YD,DFW-AUS,0.8,,0.8,0.8,,
3/18/2019,DC-9,N4YD,AUS-DFW,1.0,,1.0,1.0,,
3/22/2019,DC-9,N4XT,DFW-ELP,1.6,,1.6,1.6,,
3/22/2019,DC-9,N4XT,ELP-DFW,1.7,,1.7,1.7,,
3/22/2019,DC-9,N4XT,DFW-CVG,2.1,,2.1,2.1,,
3/23/2019,DC-9,N4YE,CVG-DFW,2.6,,2.6,2.6,,
3/23/2019,DC-9,N4XE,DFW-MEM,1.3,,1.3,1.3,,
3/24/2019,DC-9,N4YD,MEM-DFW,2.1,,2.1,2.1,,
3/24/2019,DC-9,N4XC,DFW-DSM,1.8,,1.8,1.8,,
3/25/2019,DC-9,N4YD,DSM-DFW,1.8,,1.8,1.8,,
4/12/2019,DC-9,N4YE,DFW-AGS,3.9,,3.9,3.9,,
4/12/2019,DC-9,N4YE,AGS-DFW,2.8,,2.8,2.8,,
4/12/2019,DC-9,N4XS,DFW-OMA,1.6,,1.6,1.6,,
4/14/2019,DC-9,N4YT,OMA-DFW,1.8,,1.8,1.8,,
4/15/2019,DC-9,N4YT,DFW-MSY,1.5,,1.5,1.5,,
4/15/2019,DC-9,N4YT,MSY-DFW,1.7,,1.7,1.7,,
4/19/2019,DC-9,N4YS,DFW-SDF,2.1,,2.1,2.1,,
4/19/2019,DC-9,N4YS,SDF-DFW,2.5,,2.5,2.5,,
4/19/2019,DC-9,N4XG,DFW-RDU,2.7,,2.7,2.7,,
4/20/2019,DC-9,N4XM,DFW-IND,2.2,,2.2,2.2,,
4/22/2019,DC-9,N4XX,MKE-DFW,2.5,,2.5,2.5,,
4/29/2019,DC-9,N4YN,DFW-CMH,2.2,,2.2,2.2,,
4/29/2019,DC-9,N4YN,CMH-DFW,2.7,,2.7,2.7,,
4/29/2019,DC-9,N4XD,DFW-JAX,2.2,,2.2,2.2,,
4/30/2019,DC-9,N4XW,JAX-DFW,2.5,,2.5,2.5,,
4/30/2019,DC-9,N4XW,DFW-SAT,1.3,,1.3,1.3,,
5/1/2019,DC-9,N4XY,SAT-DFW,1.6,,1.6,1.6,,
5/1/2019,DC-9,N4XD,DFW-XNA,1.0,,1.0,1.0,,
5/1/2019,DC-9,N4XD,XNA-DFW,1.2,,1.2,1.2,,
5/1/2019,DC-9,N4XB,DFW-MKE,2.2,,2.2,2.2,,
5/2/2019,DC-9,N4XP,MKE-DFW,3.2,,3.2,3.2,,
5/7/2019,DC-9,N4YD,DFW-IAH,1.0,,1.0,1.0,,
5/7/2019,DC-9,N4YD,IAH-DFW,1.1,,1.1,1.1,,
5/7/2019,DC-9,N4YT,DFW-OMA,1.7,,1.7,1.7,,
5/8/2019,DC-9,N4YT,OMA-DFW,2.4,,2.4,2.4,,
5/8/2019,DC-9,N4YL,DFW-CLE,2.2,,2.2,2.2,,
5/9/2019,DC-9,N4XE,CLE-DFW,3.0,,3.0,3.0,,
5/9/2019,DC-9,N4XE,DFW-IAH,1.7,,1.7,1.7,,
5/10/2019,DC-9,N4XE,IAH-DFW,1.0,,1.0,1.0,,
5/16/2019,DC-9,N4XC,DFW-MSY,1.3,,1.3,1.3,,
5/16/2019,DC-9,N4XC,MSY-DFW,1.7,,1.7,1.7,,
5/16/2019,DC-9,N4XF,DFW-ORF,2.9,,2.9,2.9,,
5/17/2019,DC-9,N4YD,DFW-MKE,2.2,,2.2,2.2,,
5/18/2019,DC-9,N4XM,MKE-DFW,3.6,,3.6,3.6,,
5/18/2019,DC-9,N4YT,DFW-DSM,1.7,,1.7,1.7,,
5/19/2019,DC-9,N4YC,DSM-DFW,2.0,,2.0,2.0,,
5/19/2019,DC-9,N4XM,DFW-MCI,1.3,,1.3,1.3,,
5/19/2019,DC-9,N4XM,MCI-DFW,1.6,,1.6,1.6,,
5/22/2019,DC-9,N4XB,DFW-MEM,1.3,,1.3,1.3,,
5/22/2019,DC-9,N4XB,MEM-DFW,1.4,,1.4,1.4,,
5/22/2019,DC-9,N501,DFW-CVG,2.1,,2.1,2.1,,
5/23/2019,DC-9,N4YU,CVG-DFW,2.7,,2.7,2.7,,
5/23/2019,DC-9,N4YU,DFW-VPS,2.0,,2.0,2.0,,
5/24/2019,DC-9,N4YD,VPS-DFW,2.2,,2.2,2.2,,
5/24/2019,DC-9,N4YE,DFW-ORF,2.9,,2.9,2.9,,
5/25/2019,DC-9,N4XG,ORF-DFW,3.2,,3.2,3.2,,
5/25/2019,DC-9,N4XW,DFW-MCI,1.5,,1.5,1.5,,
5/25/2019,DC-9,N4XW,MCI-DFW,1.4,,1.4,1.4,,
5/28/2019,DC-9,N4XX,DFW-CLE,2.5,,2.5,2.5,,
5/28/2019,DC-9,N4XX,CLE-DFW,2.6,,2.6,2.6,,
5/28/2019,DC-9,N4XX,DFW-SAT,1.0,,1.0,1.0,,
5/29/2019,DC-9,N4XX,SAT-DFW,1.5,,1.5,1.5,,
5/30/2019,DC-9,N4YS,DFW-STL,1.8,,1.8,1.8,,
5/31/2019,DC-9,N4XD,STL-DFW,1.7,,1.7,1.7,,
5/31/2019,DC-9,N4XD,DFW-MCI,1.5,,1.5,1.5,,
5/31/2019,DC-9,N4XD,MCI-DFW,1.4,,1.4,1.4,,
6/7/2019,DC-9,N4XW,DFW-CMH,2.4,,2.4,2.4,,
6/7/2019,DC-9,N4XW,CMH-DFW,2.5,,2.5,2.5,,
6/7/2019,DC-9,N4XF,DFW-AMA,1.4,,1.4,1.4,,
6/8/2019,DC-9,N4XF,AMA-DFW,1.1,,1.1,1.1,,
6/8/2019,DC-9,N4XS,DFW-IAH,1.2,,1.2,1.2,,
6/8/2019,DC-9,N4XS,IAH-DFW,1.2,,1.2,1.2,,
6/8/2019,DC-9,N4YC,DFW-DFW,0.8,,0.8,0.8,,
6/8/2019,DC-9,N4YC,DFW-CVG,2.3,,2.3,2.3,,
6/9/2019,DC-9,N4YS,CVG-DFW,2.4,,2.4,2.4,,
6/9/2019,DC-9,N4YB,DFW-VPS,1.7,,1.7,1.7,,
6/10/2019,DC-9,N4YS,DFW-OKC,0.8,,0.8,0.8,,
6/10/2019,DC-9,N4YS,OKC-DFW,1.0,,1.0,1.0,,
6/14/2019,DC-9,N4XT,DFW-IAH,1.1,,1.1,1.1,,
6/14/2019,DC-9,N4XT,IAH-DFW,1.1,,1.1,1.1,,
6/14/2019,DC-9,N4XX,DFW-RDU,2.7,,2.7,2.7,,
6/15/2019,DC-9,N4XC,DFW-ELP,1.6,,1.6,1.6,,
6/15/2019,DC-9,N4XC,ELP-DFW,1.7,,1.7,1.7,,
6/15/2019,DC-9,N4YE,DFW-SAT,1.1,,1.1,1.1,,
6/18/2019,DC-9,N4XY,DFW-GRR,2.3,,2.3,2.3,,
6/18/2019,DC-9,N4XY,GRR-DFW,2.5,,2.5,2.5,,
6/19/2019,DC-9,N4XB,SAT-DFW,1.6,,1.6,1.6,,
6/19/2019,DC-9,N4XC,DFW-MSY,1.3,,1.3,1.3,,
6/19/2019,DC-9,N4XC,MSY-DFW,1.5,,1.5,1.5,,
6/20/2019,DC-9,N4XV,STL-DFW,1.8,,1.8,1.8,,
6/20/2019,DC-9,N4YE,DFW-STL,1.9,,1.9,1.9,,
6/21/2019,DC-9,N4XS,STL-DFW,2.2,,2.2,2.2,,
6/21/2019,DC-9,N4XC,DFW-BNA,1.8,,1.8,1.8,,
6/21/2019,DC-9,N4XC,BNA-DFW,1.7,,1.7,1.7,,
6/24/2019,DC-9,N4XV,DFW-GRR,2.1,,2.1,2.1,,
6/24/2019,DC-9,N4XV,GRR-DFW,2.5,,2.5,2.5,,
6/24/2019,DC-9,N501,DFW-SAT,1.0,,1.0,1.0,,
6/25/2019,DC-9,N4XC,SAT-DFW,1.0,,1.0,1.0,,
6/25/2019,DC-9,N4XG,DFW-MSY,1.2,,1.2,1.2,,
6/25/2019,DC-9,N4XG,MSY-DFW,1.6,,1.6,1.6,,
6/25/2019,DC-9,N4XG,DFW-STL,1.5,,1.5,1.5,,
6/26/2019,DC-9,N4YT,STL-DFW,1.8,,1.8,1.8,,
6/26/2019,DC-9,N4YP,DFW-STL,1.7,,1.7,1.7,,
6/27/2019,DC-9,N4YN,STL-DFW,1.6,,1.6,1.6,,
6/27/2019,DC-9,N4YS,DFW-BNA,2.1,,2.1,2.1,,
6/27/2019,DC-9,N4YS,BNA-DFW,1.8,,1.8,1.8,,
6/29/2019,DC-9,N4XV,DFW-DTW,2.9,,2.9,2.9,,
6/29/2019,DC-9,N4XV,DTW-DFW,3.3,,3.3,3.3,,
6/29/2019,DC-9,N4XS,DFW-DFW,0.9,,0.9,0.9,,
6/30/2019,DC-9,N4XS,DFW-CVG,2.5,,2.5,2.5,,
7/1/2019,DC-9,N4XP,CVG-DFW,2.1,,2.1,2.1,,
7/7/2019,DC-9,N4YB,DFW-ELP,1.7,,1.7,1.7,,
7/7/2019,DC-9,N4YB,ELP-DFW,1.9,,1.9,1.9,,
7/7/2019,DC-9,N4YB,DFW-SAT,1.0,,1.0,1.0,,
7/8/2019,DC-9,N4XY,DFW-CVG,2.1,,2.1,2.1,,
7/8/2019,DC-9,N4XY,CVG-DFW,2.4,,2.4,2.4,,
7/8/2019,DC-9,N4YU,DFW-MFE,1.4,,1.4,1.4,,
7/9/2019,DC-9,N4YL,MFE-DFW,1.8,,1.8,1.8,,
7/9/2019,DC-9,N4XS,DFW-ELP,1.4,,1.4,1.4,,
7/9/2019,DC-9,N4XS,ELP-DFW,1.8,,1.8,1.8,,
7/11/2019,DC-9,N4XD,DFW-CVG,2.1,,2.1,2.1,,
7/11/2019,DC-9,N4XD,CVG-DFW,2.4,,2.4,2.4,,
7/11/2019,DC-9,N4XD,DFW-ICT,1.1,,1.1,1.1,,
7/12/2019,DC-9,N4XE,ICT-DFW,1.3,,1.3,1.3,,
7/12/2019,DC-9,N4YD,DFW-AMA,1.1,,1.1,1.1,,
7/13/2019,DC-9,N4YD,AMA-DFW,1.3,,1.3,1.3,,
7/13/2019,DC-9,N4XY,DFW-ELP,1.8,,1.8,1.8,,
7/13/2019,DC-9,N4XY,ELP-DFW,1.8,,1.8,1.8,,
7/14/2019,DC-9,N4XV,STL-DFW,2.0,,2.0,2.0,,
7/14/2019,DC-9,N501,DFW-MEM,1.5,,1.5,1.5,,
7/14/2019,DC-9,N501,MEM-DFW,1.4,,1.4,1.4,,
7/17/2019,DC-9,N4XD,DFW-ELP,1.4,,1.4,1.4,,
7/17/2019,DC-9,N4XD,ELP-DFW,1.9,,1.9,1.9,,
7/17/2019,DC-9,N4YD,DFW-VPS,1.9,,1.9,1.9,,
7/18/2019,DC-9,N4YR,VPS-DFW,2.2,,2.2,2.2,,
7/18/2019,DC-9,N4YR,DFW-MFE,1.4,,1.4,1.4,,
7/19/2019,DC-9,N4YR,MFE-DFW,1.4,,1.4,1.4,,
7/19/2019,DC-9,N4YN,DFW-IAH,1.1,,1.1,1.1,,
7/19/2019,DC-9,N4YN,IAH-DFW,1.1,,1.1,1.1,,
7/19/2019,DC-9,N4XE,DFW-SAT,1.1,,1.1,1.1,,
7/20/2019,DC-9,N4YD,DFW-JAX,4.2,,4.2,4.2,,
7/20/2019,DC-9,N4YD,JAX-DFW,2.4,,2.4,2.4,,
7/27/2019,DC-9,N4YB,DFW-IAH,1.2,,1.2,1.2,,
7/27/2019,DC-9,N4YB,IAH-DFW,1.0,,1.0,1.0,,
7/27/2019,DC-9,N4YL,DFW-CVG,2.0,,2.0,2.0,,
7/28/2019,DC-9,N4XX,CVG-DFW,2.2,,2.2,2.2,,
7/28/2019,DC-9,N4XX,DFW-MFE,1.5,,1.5,1.5,,
7/29/2019,DC-9,N4YE,DFW-GRR,2.5,,2.5,2.5,,
8/4/2019,DC-9,N4XF,DFW-GRR,2.3,,2.3,2.3,,
8/4/2019,DC-9,N4XF,GRR-DFW,2.2,,2.2,2.2,,
8/4/2019,DC-9,N4XF,DFW-RDU,2.7,,2.7,2.7,,
8/5/2019,DC-9,N4XW,DFW-CVG,2.2,,2.2,2.2,,
8/6/2019,DC-9,N4XD,CVG-DFW,2.2,,2.2,2.2,,
8/6/2019,DC-9,N4XD,DFW-CMH,2.3,,2.3,2.3,,
8/7/2019,DC-9,N4YD,CMH-DFW,2.6,,2.6,2.6,,
8/11/2019,DC-9,N501,DFW-GRR,2.5,,2.5,2.5,,
8/11/2019,DC-9,N501,GRR-DFW,2.5,,2.5,2.5,,
8/11/2019,DC-9,N4XM,DFW-RDU,2.7,,2.7,2.7,,
8/13/2019,DC-9,N4XM,DFW-CMH,2.4,,2.4,2.4,,
8/14/2019,DC-9,N4YL,CMH-DFW,2.4,,2.4,2.4,,
8/18/2019,DC-9,N4YT,DFW-STL,1.7,,1.7,1.7,,
8/19/2019,DC-9,N4XD,STL-DFW,1.8,,1.8,1.8,,
8/19/2019,DC-9,N4XD,DFW-OKC,1.0,,1.0,1.0,,
8/19/2019,DC-9,N4XD,OKC-DFW,0.9,,0.9,0.9,,
8/19/2019,DC-9,N4XH,DFW-VPS,1.9,,1.9,1.9,,
8/20/2019,DC-9,N4XR,VPS-DFW,2.0,,2.0,2.0,,
8/20/2019,DC-9,N4XR,DFW-CMH,2.4,,2.4,2.4,,
10/11/2019,B-767,N346,PHL-LAS,5.7,,5.7,5.7,,
10/12/2019,B-757,N5FF,LAS-DFW,2.5,,2.5,2.5,,
10/12/2019,B-757,N5FJ,DFW-LAS,2.8,,2.8,2.8,,
10/13/2019,B-757,N5FJ,LAS-DFW,2.4,,2.4,2.4,,
10/13/2019,B-757,N5FA,DFW-PHL,2.8,,2.8,2.8,,
10/18/2019,B-767,N395,PHL-BUD,8.6,,8.6,8.6,,
10/20/2019,B-767,N385,BUD-PHL,10.0,,10.0,10.0,,
10/24/2019,B-767,N350,PHL-ZRH,7.5,,7.5,7.5,,
10/26/2019,B-767,N350,ZRH-PHL,9.0,,9.0,9.0,,
11/3/2019,B-757,N5ER,PHL-DFW,3.7,,3.7,3.7,,
11/3/2019,B-757,N5ET,DFW-MIA,2.6,,2.6,2.6,,
11/4/2019,B-767,N399,MIA-CUN,1.7,,1.7,1.7,,
11/4/2019,B-767,N399,CUN-MIA,1.6,,1.6,1.6,,
11/4/2019,B-767,N348,MIA-SJU,2.4,,2.4,2.4,,
11/5/2019,B-767,N348,SJU-MIA,2.7,,2.7,2.7,,
11/5/2019,B-757,N5ES,MIA-DFW,3.0,,3.0,3.0,,
11/6/2019,B-757,N5FD,DFW-PHL,2.9,,2.9,2.9,,
11/15/2019,B-767,N388,PHL-MAN,6.3,,6.3,6.3,,
11/17/2019,B-767,N388,MAN-MAN,1.0,,1.0,1.0,,
11/17/2019,B-767,N388,MAN-PHL,8.0,,8.0,8.0,,
11/19/2019,B-757,N5EX,PHL-DFW,3.6,,3.6,3.6,,
11/19/2019,B-757,N5EX,DFW-MIA,2.7,,2.7,2.7,,
11/20/2019,B-767,N390,MIA-CUN,2.1,,2.1,2.1,,
11/20/2019,B-767,N390,CUN-MIA,1.7,,1.7,1.7,,
11/20/2019,B-767,N393,MIA-SJU,2.4,,2.4,2.4,,
11/21/2019,B-767,N393,SJU-MIA,2.8,,2.8,2.8,,
11/25/2019,B-757,N5ET,PHL-DFW,3.5,,3.5,3.5,,
11/25/2019,B-757,N5DJ,DFW-LAS,3.1,,3.1,3.1,,
11/26/2019,B-767,N347,LAS-MIA,4.3,,4.3,4.3,,
11/26/2019,B-767,N385,MIA-SJU,2.6,,2.6,2.6,,
11/28/2019,B-767,N396,SJU-MIA,2.7,,2.7,2.7,,
12/1/2019,B-757,N5DJ,PHL-LAS,5.4,,5.4,5.4,,
12/2/2019,B-757,N5FE,LAS-DFW,2.4,,2.4,2.4,,
12/2/2019,B-757,N5FE,DFW-JFK,4.0,,4.0,4.0,,
12/3/2019,B-757,N5FE,JFK-DFW,4.5,,4.5,4.5,,
12/3/2019,B-757,N5DJ,DFW-PHL,2.8,,2.8,2.8,,
12/4/2019,B-757,N5FH,PHL-DFW,3.6,,3.6,3.6,,
12/4/2019,B-757,N5ES,DFW-LAS,4.5,,4.5,4.5,,
12/5/2019,B-767,N342,LAS-PHL,4.1,,4.1,4.1,,
12/16/2019,B-767,N393,PHL-LAS,5.3,,5.3,5.3,,
12/17/2019,B-757,N5EX,LAS-MIA,4.8,,4.8,4.8,,
12/18/2019,B-757,N5ET,MIA-DFW,3.1,,3.1,3.1,,
12/18/2019,B-757,N5ET,DFW-PHL,2.9,,2.9,2.9,,
12/21/2019,B-757,N5FS,PHL-STT,3.6,,3.6,3.6,,
12/21/2019,B-757,N5EX,STT-PHL,4.3,,4.3,4.3,,
12/24/2019,B-767,N391,PHL-ZRH,7.6,,7.6,7.6,,
12/26/2019,B-767,N349,ZRH-PHL,8.6,,8.6,8.6,,
12/29/2019,B-757,N5FF,PHL-MIA,2.6,,2.6,2.6,,
12/29/2019,B-767,N348,MIA-GYE,4.3,,4.3,4.3,,
12/31/2019,B-767,N347,GYE-MIA,4.8,,4.8,4.8,,
12/31/2019,B-767,N342,MIA-PHL,2.8,,2.8,2.8,,
1/4/2020,B-757,N5FL,CLT-SXM,4.1,,4.1,4.1,,
1/4/2020,B-757,N5FL,SXM-CLT,4.0,,4.0,4.0,,
1/5/2020,B-757,N5ER,CLT-STT,3.6,,3.6,3.6,,
1/5/2020,B-757,N5ER,STT-CLT,4.0,,4.0,4.0,,
1/6/2020,B-757,N5FD,CLT-PHL,1.5,,1.5,1.5,,
1/13/2020,B-757,N5ER,PHL-DFW,3.9,,3.9,3.9,,
1/13/2020,B-757,N5ER,DFW-MIA,2.5,,2.5,2.5,,
1/14/2020,B-767,N399,MIA-ORD,3.3,,3.3,3.3,,
1/14/2020,B-767,N399,ORD-MIA,3.0,,3.0,3.0,,
1/15/2020,B-757,N5EX,MIA-PHL,2.7,,2.7,2.7,,
1/18/2020,B-767,N396,PHL-MIA,2.9,,2.9,2.9,,
1/19/2020,B-767,N396,MIA-SFO,6.1,,6.1,6.1,,
1/20/2020,B-767,N391,SFO-PHL,5.1,,5.1,5.1,,
1/24/2020,B-767,N399,PHL-MIA,3.0,,3.0,3.0,,
1/25/2020,B-767,N342,MIA-SFO,6.2,,6.2,6.2,,
1/26/2020,B-767,N343,SFO-PHL,5.3,,5.3,5.3,,
2/17/2020,B-767,N390,PHL-MIA,3.0,,3.0,3.0,,
2/18/2020,B-757,N5FC,MIA-UVF,3.1,,3.1,3.1,,
2/18/2020,B-757,N5FC,UVF-MIA,4.5,,4.5,4.5,,
2/19/2020,B-757,N5FG,MIA-CUN,1.8,,1.8,1.8,,
2/19/2020,B-757,N5FG,CUN-MIA,1.8,,1.8,1.8,,
2/19/2020,B-757,N5ES,MIA-PHL,2.5,,2.5,2.5,,
2/20/2020,B-757,N5DJ,PHL-DFW,3.8,,3.8,3.8,,
2/21/2020,B-757,N5FG,DFW-MIA,2.4,,2.4,2.4,,
2/21/2020,B-757,N5FG,MIA-DFW,3.3,,3.3,3.3,,
2/22/2020,B-757,N5FJ,DFW-BOS,3.5,,3.5,3.5,,
2/22/2020,B-757,N5FJ,BOS-PHL,1.3,,1.3,1.3,,
2/26/2020,B-767,N346,PHL-MIA,2.9,,2.9,2.9,,
2/27/2020,B-767,N398,MIA-SFO,6.4,,6.4,6.4,,
2/28/2020,B-767,N347,SFO-PHL,5.2,,5.2,5.2,,
2/29/2020,B-767,N348,PHL-MIA,2.7,,2.7,2.7,,
3/1/2020,B-767,N393,MIA-CUN,1.9,,1.9,1.9,,
3/1/2020,B-767,N393,CUN-MIA,1.6,,1.6,1.6,,
3/1/2020,B-757,N5EX,MIA-DFW,3.5,,3.5,3.5,,
3/2/2020,B-757,N5FC,DFW-MIA,2.4,,2.4,2.4,,
3/2/2020,B-767,N349,MIA-PHL,2.8,,2.8,2.8,,
3/8/2020,B-757,N5FL,PHL-DFW,3.5,,3.5,3.5,,
3/9/2020,B-757,N5FJ,DFW-MIA,2.6,,2.6,2.6,,
3/9/2020,B-757,N5DK,MIA-DFW,3.2,,3.2,3.2,,
3/10/2020,B-757,N5EV,DFW-MIA,2.8,,2.8,2.8,,
3/10/2020,B-757,N5FE,MIA-PHL,2.6,,2.6,2.6,,
3/13/2020,B-757,N5EU,PHL-DFW,4.3,,4.3,4.3,,
3/13/2020,B-757,N5EY,DFW-MIA,2.6,,2.6,2.6,,
3/14/2020,B-767,N398,MIA-SJU,2.3,,2.3,2.3,,
3/15/2020,B-767,N398,SJU-MIA,2.7,,2.7,2.7,,
3/15/2020,B-767,N398,MIA-PHL,2.6,,2.6,2.6,,
3/23/2020,B-767,N342,MIA-PHL,2.7,,2.7,2.7,,
6/29/2020,B-777,N7LH,MIA-LHR,8.2,,8.2,8.2,,
7/1/2020,B-777,N7LW,LHR-MIA,8.9,,8.9,8.9,,
7/11/2020,B-777,N7LV,DFW-LHR,9.0,,9.0,9.0,,
7/13/2020,B-777,N7LG,LHR-DFW,9.9,,9.9,9.9,,
